<?xml version="1.0" encoding="UTF-8" standalone="yes"?>
<addon id="plugin.video.x" name="x" version="0.0.2" provider-name="x">
    <requires>
    </requires>
    <extension point="xbmc.python.pluginsource"
               library="default.py">
        <provides>video</provides>
    </extension>
    <extension point="xbmc.addon.metadata">
        <platform>all</platform>
        <summary>gracias a Juan</summary>
        <description>Esta addon tiene copyright</description>
    </extension>
</addon>