<?xml version="1.0" encoding="UTF-8" standalone="yes"?>
<addon id="repository.kodi-mexico" name="Kodi official Repo" version="1.0.0" provider-name="Jor-El">
	<extension point="xbmc.addon.repository" name="Kodi-Mexico official Repo">
		<info compressed="false">https://raw.github.com/joalcota86/miNuevoRepo/master/addons.xml</info>
		<checksum>https://raw.github.com/joalcota86/miNuevoRepo/master/addons.xml.md5</checksum>
		<datadir zip="true">https://raw.github.com/joalcota86/miNuevoRepo/master</datadir>
	</extension>
	<extension point="xbmc.addon.metadata">
		<summary>Kodi official Repo</summary>
   		<description lang="en">Instala los Addons para probar.</description>
		<disclaimer></disclaimer>
		<platform>all</platform>
	</extension>
</addon>