<?xml version="1.0" encoding="UTF-8" standalone="yes"?>
<addon id="plugin.video.abcfamily"
       name="ABC Family"
       version="3.0.1"
       provider-name="t1m">
  <requires>
    <import addon="xbmc.python" version="2.20.0"/>
    <import addon="script.module.t1mlib" version="1.0.14"/>
  </requires>
  <extension point="xbmc.python.pluginsource"
            library="default.py">
        <provides>video</provides>
  </extension>
  <extension point="xbmc.addon.metadata">
    <summary lang="en">ABC Family</summary>
    <description lang="en">ABC Family Channel Programs in 1080</description>
    <disclaimer lang="en">Feel free to use this script. For information visit the wiki.</disclaimer>
    <platform>all</platform>
    <language>en</language>
    <license>GNU GENERAL PUBLIC LICENSE. Version 2, June 1991</license>
    <forum>http://forum.kodi.tv/showthread.php?tid=234462</forum>
    <website>www.abcfamily.com</website>
    <email></email>
    <source>https://github.com/learningit/plugin.video.abcfamily</source>
  </extension>
</addon>
